url,categories
https://www.lemonde.fr,News & Media
https://dzen.ru,News & Media
https://www.championat.com,News & Media
https://hamariweb.com,News & Media
https://www.bfmtv.com,News & Media
https://www.dailymail.co.uk,News & Media
https://www.lefigaro.fr,News & Media
https://g1.globo.com,News & Media
https://www.merkur.de,News & Media
https://www.foxcarolina.com,News & Media
https://www.eurosport.fr,
https://www.corriere.it,News & Media
http://www.televideo.rai.it,News & Media
https://zaxid.net,News & Media
https://www.t-online.de,News & Media
https://www.ynet.co.il,News & Media
https://www.lavoz.com.ar,News & Media
https://www.nbcnews.com,News & Media
https://www.expressen.se,News & Media
https://www.espncricinfo.com,News & Media
https://tw.news.yahoo.com,News & Media
https://www.hurriyet.com.tr,News & Media
https://www.goal.com,News & Media
https://www.mirror.co.uk,News & Media
https://m.haberturk.com,News & Media
https://www.diariodepernambuco.com.br,News & Media
https://wcti12.com,News & Media
https://www.gazzetta.it,News & Media
https://football.kapook.com,News & Media
https://www.jagran.com,News & Media
https://www.franceinfo.fr,News & Media
https://www.cnn.com,News & Media
https://www.ilfattoquotidiano.it,News & Media
https://www.rtve.es,News & Media
https://www.blic.rs,News & Media
https://www.lavanguardia.com,News & Media
https://www.varzesh3.com,
https://www.bbc.co.uk,News & Media
https://www.kicker.de,News & Media
https://www.milanotoday.it,News & Media
https://ndmais.com.br,News & Media
https://www.zerozero.pt,News & Media
https://24tv.ua,News & Media
https://ktar.com,News & Media
https://www.marca.com,News & Media
https://vietnamnet.vn,News & Media
https://www.zeit.de,News & Media
https://www.mundodeportivo.com,News & Media
https://www.diariouno.com.ar,News & Media
https://www.eltiempo.es,
https://www.focus.de,News & Media
https://eloncehn.com,News & Media
https://www.elmundo.es,News & Media
https://www.bndestem.nl,News & Media
https://www.cnnbrasil.com.br,News & Media
https://www.bild.de,News & Media
https://www.elconfidencial.com,News & Media
https://m.bild.de,News & Media
https://www.idnes.cz,News & Media
https://www.cgtn.com,News & Media
https://ge.globo.com,News & Media
https://www.bbc.com,News & Media
https://www.ntv.com.tr,News & Media
https://www.repubblica.it,News & Media
https://www.minuto30.com,News & Media
https://www.vietnam.vn,News & Media
https://rue20.com,News & Media
https://www.atptour.com,News & Media
https://yle.fi,News & Media
https://www.cnews.fr,News & Media
https://www.diariodenavarra.es,News & Media
https://www.spiegel.de,News & Media
https://www.aftonbladet.se,News & Media
https://www.skysports.com,News & Media
https://www.welt.de,News & Media
https://sports.yahoo.com,News & Media
https://www.hessenschau.de,News & Media
https://edition.cnn.com,News & Media
https://sportske.net,News & Media
https://www.reviersport.de,News & Media
https://www.prajavani.net,News & Media
https://nypost.com,News & Media
https://www.thaipbs.or.th,News & Media